Transaction Hash,Status,Method,BlockNo,DateTime (UTC),From,From_Nametag,To,To_Nametag,Type,Item,Quantity
"0x2048de4db1956a5e20bf5dff1572eabbd3743491d9d2fe94cfe8ad3a90e5af82","Success","0x23b872dd","22450110","2025-05-10 02:44:23","0xfd9F04fbB5A9316bB8F29F117e5EE78C9B1A4B92","langon.eth","0x57f1887a8BF19b14fC0dF6Fd9B2acc9Af147eA85","ENS: Base Registrar Implementation","ERC-721","NFT: Unfudables","1"
"0x2b0ff4d8dad31e40cd41a8767350ab1ff78911b73d1103b5e5b08f76c90e9596","Success","0x74694a2b","21635313","2025-01-16 06:39:47","0x57f1887a8BF19b14fC0dF6Fd9B2acc9Af147eA85","ENS: Base Registrar Implementation","0x0000000000000000000000000000000000000000","Null: 0x000...000","ERC-721","Ethereum Name Service","1"
"0x56aaeeb62ee2020e763864aaae892fd8d80658e492a14996bd0e4c088ff45b21","Success","0x74694a2b","18207890","2023-09-24 19:58:23","0x57f1887a8BF19b14fC0dF6Fd9B2acc9Af147eA85","ENS: Base Registrar Implementation","0x0000000000000000000000000000000000000000","Null: 0x000...000","ERC-721","Ethereum Name Service","1"
"0x6c9f6cfcb6b68c5f2185bdb7108f22a9804868b9c9cfc523845f4464c42eac3a","Success","0x23b872dd","17798330","2023-07-29 11:15:23","0x2CDd366Ee59d29faed1ae8Bf59659F92EB498031","","0x57f1887a8BF19b14fC0dF6Fd9B2acc9Af147eA85","ENS: Base Registrar Implementation","ERC-721","Ape Hater Club","1"
"0x28ba30c248a1d188527c48f3ca81c2ab8fb442fd2f119afdf0db17c085ad50ec","Success","0xf7a16963","16405732","2023-01-14 14:46:35","0x57f1887a8BF19b14fC0dF6Fd9B2acc9Af147eA85","ENS: Base Registrar Implementation","0x0000000000000000000000000000000000000000","Null: 0x000...000","ERC-721","Ethereum Name Service","1"
"0x881b2bf19eaa780d9eb0221d0dfb0f8a7427d832ba213f520d0feace749f6c8b","Success","0x23b872dd","16046671","2022-11-25 11:21:59","0x2DbFceb382c3abC3b2CE5d35E20Ff6c993e9FeC3","","0x57f1887a8BF19b14fC0dF6Fd9B2acc9Af147eA85","ENS: Base Registrar Implementation","ERC-721","Ethereum Name Service","1"
"0xa0e721d3761dbf9b55d7fde130a7e89b5e320f615933b83cd3587ff45240caf5","Success","0x23b872dd","15580934","2022-09-21 09:40:47","0x77946B415AbD83bbf163Ba7322fDbE31c0508395","","0x57f1887a8BF19b14fC0dF6Fd9B2acc9Af147eA85","ENS: Base Registrar Implementation","ERC-721","Ethereum Name Service","1"
"0xf2abaeeebad605aad5eba558dedf4222758e56677bb876ff16ccc7fdfa3fef1e","Success","0x23b872dd","15572868","2022-09-20 06:20:35","0x7fa82a62560f8642Df1E8dcDDbB1FfBa9FCfE15a","","0x57f1887a8BF19b14fC0dF6Fd9B2acc9Af147eA85","ENS: Base Registrar Implementation","ERC-721","Ethereum Name Service","1"
"0x62a1586c829d651160dfbf90036b8952e28afd1dd7222388b346fa825b7543fb","Success","0xf7a16963","15471271","2022-09-04 11:05:08","0x57f1887a8BF19b14fC0dF6Fd9B2acc9Af147eA85","ENS: Base Registrar Implementation","0x0000000000000000000000000000000000000000","Null: 0x000...000","ERC-721","Ethereum Name Service","1"
"0xfb139d74fdeea63dfdf16f2d387e163340ec05c9b62e441612b846e262fcdfdf","Success","0x23b872dd","15325525","2022-08-12 06:50:15","0x72e3820d313ce1D0fa07e061c90271af7e4cE594","","0x57f1887a8BF19b14fC0dF6Fd9B2acc9Af147eA85","ENS: Base Registrar Implementation","ERC-721","Duckling","1"
"0xff1b98e51c9e03ccdc06450b0c7d5524decdabddbda237b0734c93d71938ddc9","Success","0xf7a16963","15176585","2022-07-20 01:34:19","0x57f1887a8BF19b14fC0dF6Fd9B2acc9Af147eA85","ENS: Base Registrar Implementation","0x0000000000000000000000000000000000000000","Null: 0x000...000","ERC-721","Ethereum Name Service","1"
"0x526f8d3c18be1ad6bcadad1f1076c64ee2b29171958bad2046b922d9cfa5f277","Success","0xe59bb7a8","15169225","2022-07-18 22:16:31","0x0000000000000000000000000000000000000000","Null: 0x000...000","0x57f1887a8BF19b14fC0dF6Fd9B2acc9Af147eA85","ENS: Base Registrar Implementation","ERC-721","SOULS","1"
"0x6df6b0c9a048780fbbb6d5269908602d2924b8d5601ff94fe164da41a0fadaac","Success","0xe59bb7a8","15128747","2022-07-12 15:50:48","0x0000000000000000000000000000000000000000","Null: 0x000...000","0x57f1887a8BF19b14fC0dF6Fd9B2acc9Af147eA85","ENS: Base Registrar Implementation","ERC-721","SOULS","1"
"0xeab1d4804643b6e034ce72e8fdb7497225d9b36557adbbc33af9ecd41c08c49d","Success","0x23b872dd","15115978","2022-07-10 16:33:33","0xc529FD4E02F2872455E49931381761483297aac5","nguyennhat.eth","0x57f1887a8BF19b14fC0dF6Fd9B2acc9Af147eA85","ENS: Base Registrar Implementation","ERC-721","Ethereum Name Service","1"
"0x8d6efa7a0825e01b2bb5943beca7327f6fb7b91f8400cefeb1373c3351edd87c","Success","0xe33817b8","14802016","2022-05-19 00:52:34","0x1438807D452d5883B038c007E88B9Ced10364F67","","0x57f1887a8BF19b14fC0dF6Fd9B2acc9Af147eA85","ENS: Base Registrar Implementation","ERC-721","NFT: Gutter Punks - Crypto Coven","1"
"0xab31a4407cc79a608c0b07150e569ed50a943808d59c0dc9e1e897474f734b82","Success","0x23b872dd","14335826","2022-03-06 21:53:28","0x7eEbAC4298D5f1F30CEB9f0d0ab38B8d28Fe74Ed","bmasc.eth","0x57f1887a8BF19b14fC0dF6Fd9B2acc9Af147eA85","ENS: Base Registrar Implementation","ERC-721","Toy Boogers","1"
"0xf1c6fa4525f42b20a27904132167a8178f82a54c938087caddb44c0e9595d9eb","Success","0x23b872dd","14325873","2022-03-05 08:49:45","0x1958E5D7477ed777390e7034A9CC9719632838C3","","0x57f1887a8BF19b14fC0dF6Fd9B2acc9Af147eA85","ENS: Base Registrar Implementation","ERC-721","Ethereum Name Service","1"
"0x5a80e4d61764a0474956693473527a7d06b6f6760b3b9dd731abfcb6dce8a745","Success","0x23b872dd","14306826","2022-03-02 09:40:26","0x6d9690b31109eC7c418C78Ac94e6BF36Aa793739","","0x57f1887a8BF19b14fC0dF6Fd9B2acc9Af147eA85","ENS: Base Registrar Implementation","ERC-721","Ethereum Name Service","1"
"0xf59d4a1cfb515c686e37a77ddd2b4d0f42054982f433aca745c300f64cd31354","Success","0x23b872dd","14213676","2022-02-15 23:24:36","0xa265eA6c28EDbad6445d9338830CAFeCc59Cb233","createmintown.eth","0x57f1887a8BF19b14fC0dF6Fd9B2acc9Af147eA85","ENS: Base Registrar Implementation","ERC-721","House Of Mempo","1"
"0xe8d8e8ea80a3fe6584197483ddc7549b6b36fe5682036cdb3b21a2da52e43347","Success","0x23b872dd","13902211","2021-12-29 19:47:05","0xEC005Ca98aC48E3978438Fb163CfaedE55E519C6","microncus13.eth","0x57f1887a8BF19b14fC0dF6Fd9B2acc9Af147eA85","ENS: Base Registrar Implementation","ERC-721","Ethereum Name Service","1"
"0x13eb52c65b722627ae53c42325ad77a22962c85d2c32c44d2e75c5b0b6898af7","Success","0x23b872dd","13799900","2021-12-13 23:39:56","0xeA68DcDDAddD4a92Acc4813bD84DaD6c2042bA80","llllllllllll.eth","0x57f1887a8BF19b14fC0dF6Fd9B2acc9Af147eA85","ENS: Base Registrar Implementation","ERC-721","Crypto Coven","1"
"0xd0e161ad8bd801291d36ba9df9f8dd9beb8d72439fde29e368bf55204c943bad","Success","0x23b872dd","13799888","2021-12-13 23:36:40","0xeA68DcDDAddD4a92Acc4813bD84DaD6c2042bA80","llllllllllll.eth","0x57f1887a8BF19b14fC0dF6Fd9B2acc9Af147eA85","ENS: Base Registrar Implementation","ERC-721","Ethereum Name Service","1"
"0x703ae49bc6115a917fccd449fea6777b9fe4b330fa6603d571f739ae16c3dab8","Success","0x23b872dd","13410807","2021-10-13 15:34:17","0x7Fa36885403bb0b32aaf64D1CF250b28C2045eb4","","0x57f1887a8BF19b14fC0dF6Fd9B2acc9Af147eA85","ENS: Base Registrar Implementation","ERC-721","Ethereum Name Service","1"
"0x71b6eb4a8774c8ffc8c7d250ef790f19063ff510c45bc28cb534b6fe762d7d28","Success","0x23b872dd","12869044","2021-07-21 09:44:55","0x2B0386bbDd314d8356C21f39BE2491F975BD6361","shibboleth.eth","0x57f1887a8BF19b14fC0dF6Fd9B2acc9Af147eA85","ENS: Base Registrar Implementation","ERC-721","Ethereum Name Service","1"
"0x205f576ff51aafa5412c451f93bf71a1cf1fb857b08f77bf290587d8236e5c81","Success","0x23b872dd","12799749","2021-07-10 12:47:07","0x2B0386bbDd314d8356C21f39BE2491F975BD6361","shibboleth.eth","0x57f1887a8BF19b14fC0dF6Fd9B2acc9Af147eA85","ENS: Base Registrar Implementation","ERC-721","Ethereum Name Service","1"